id,variantId,quantity,unitAbbreviation,batchNumber,costPrice,locationName
e2e-inv-coffee-sm,e2e-var-coffee-sm,500,ml,E2E-COF-SM,2500,Main Stockroom
e2e-inv-coffee-lg,e2e-var-coffee-lg,500,ml,E2E-COF-LG,3500,Main Stockroom
e2e-inv-milktea,e2e-var-milktea,500,ml,E2E-MT-STD,4000,Main Stockroom
e2e-inv-milktea-lg,e2e-var-milktea-lg,300,ml,E2E-MT-LG,5500,Main Stockroom
e2e-inv-lemonade-reg,e2e-var-lemonade-reg,400,ml,E2E-LEM-REG,1800,Main Stockroom
e2e-inv-lemonade-lg,e2e-var-lemonade-lg,400,ml,E2E-LEM-LG,2500,Main Stockroom
e2e-inv-soda-orig,e2e-var-soda-orig,5000,ml,E2E-SODA-O,1200,Main Stockroom
e2e-inv-soda-citrus,e2e-var-soda-citrus,5000,ml,E2E-SODA-C,1200,Main Stockroom
e2e-inv-sisig,e2e-var-sisig,100,pcs,E2E-SISIG,7000,Counter Freezer
e2e-inv-chicken,e2e-var-chicken,100,pcs,E2E-CHKN,5500,Counter Freezer
e2e-inv-pork-ribs-half,e2e-var-pork-ribs-half,20,pcs,E2E-RIBS-H,14000,Walk-In Chiller
e2e-inv-pork-ribs-full,e2e-var-pork-ribs-full,10,pcs,E2E-RIBS-F,25000,Walk-In Chiller
e2e-inv-pasta-reg,e2e-var-pasta-reg,60,pcs,E2E-PASTA-R,5500,Main Stockroom
e2e-inv-pasta-lg,e2e-var-pasta-lg,60,pcs,E2E-PASTA-L,8500,Main Stockroom
e2e-inv-burger-single,e2e-var-burger-single,80,pcs,E2E-BURG-S,6500,Counter Freezer
e2e-inv-burger-double,e2e-var-burger-double,60,pcs,E2E-BURG-D,10000,Counter Freezer
e2e-inv-halohalo,e2e-var-halohalo,60,pcs,E2E-HALO,3500,Counter Freezer
e2e-inv-flan-single,e2e-var-leche-flan-single,50,pcs,E2E-FLAN-S,3000,Counter Freezer
e2e-inv-flan-bilao,e2e-var-leche-flan-bilao,5,pcs,E2E-FLAN-B,36000,Walk-In Chiller
e2e-inv-ice-cream-sgl,e2e-var-ice-cream-single,100,pcs,E2E-IC-S,1800,Counter Freezer
e2e-inv-ice-cream-dbl,e2e-var-ice-cream-double,100,pcs,E2E-IC-D,3200,Counter Freezer
e2e-inv-fries-bbq,e2e-var-fries-bbq,5000,g,E2E-FRY-B,2200,Main Stockroom
e2e-inv-fries-chz,e2e-var-fries-chz,5000,g,E2E-FRY-C,2200,Main Stockroom
e2e-inv-fries-src,e2e-var-fries-sour,5000,g,E2E-FRY-S,2500,Main Stockroom
e2e-inv-lumpia-6,e2e-var-lumpia-6pcs,80,pcs,E2E-LMP-6,3200,Counter Freezer
e2e-inv-lumpia-12,e2e-var-lumpia-12pcs,60,pcs,E2E-LMP-12,5800,Counter Freezer
e2e-inv-nachos-reg,e2e-var-nachos-reg,50,pcs,E2E-NACH-R,4500,Main Stockroom
e2e-inv-nachos-shr,e2e-var-nachos-sharing,30,pcs,E2E-NACH-S,8000,Main Stockroom
e2e-inv-zero-price,e2e-var-zero-price,50,pcs,E2E-FREE,0,Display Shelf
e2e-inv-unavailable,e2e-var-unavailable,50,pcs,E2E-UNAVAIL,3000,Main Stockroom
e2e-inv-low-stock,e2e-var-low-stock,3,pcs,E2E-LOW,1500,Main Stockroom
e2e-inv-no-stock,e2e-var-no-stock,0,pcs,E2E-NOSTOCK,2000,Main Stockroom
e2e-inv-with-recipe,e2e-var-with-recipe,50,pcs,E2E-RECIPE,8500,Main Stockroom
e2e-inv-with-addon,e2e-var-with-addon,50,pcs,E2E-ADDON,6000,Main Stockroom
e2e-inv-exempt,e2e-var-exempt,100,pcs,E2E-EXEMPT,1000,Main Stockroom
e2e-inv-zero-rated,e2e-var-zero-rated,100,pcs,E2E-ZRTD,2000,Main Stockroom
e2e-inv-catering-50,e2e-var-catering-pkg-50,10,pcs,E2E-CAT-50,320000,Main Stockroom
e2e-inv-catering-100,e2e-var-catering-pkg-100,5,pcs,E2E-CAT-100,600000,Main Stockroom
e2e-inv-setup-half,e2e-var-setup-svc-half,30,hr,E2E-SVC-H,0,Main Stockroom
e2e-inv-setup-full,e2e-var-setup-svc-full,30,hr,E2E-SVC-F,0,Main Stockroom
e2e-inv-rice,e2e-var-rice,10000,g,E2E-RICE,800,Prep Station
e2e-inv-raw-chicken,e2e-var-raw-chicken,50,kg,E2E-RCHKN,32000,Walk-In Chiller
e2e-inv-raw-pork,e2e-var-raw-pork,30,kg,E2E-RPORK,38000,Walk-In Chiller
e2e-inv-sauce,e2e-var-sauce,5000,ml,E2E-SAUCE,1500,Prep Station
e2e-inv-pearls,e2e-var-pearls,5000,g,E2E-PEARLS,500,Main Stockroom
e2e-inv-pasta-dry,e2e-var-pasta-dry,10000,g,E2E-PASTA-DRY,1200,Main Stockroom
e2e-inv-ground-beef,e2e-var-ground-beef,20,kg,E2E-BEEF,45000,Walk-In Chiller
e2e-inv-flour,e2e-var-flour,50,kg,E2E-FLOUR,5500,Main Stockroom
e2e-inv-oil,e2e-var-oil,10000,ml,E2E-OIL,900,Main Stockroom
e2e-inv-lemon,e2e-var-lemon,200,pcs,E2E-LEMON,1500,Walk-In Chiller
e2e-inv-syrup,e2e-var-syrup,5000,ml,E2E-SYRUP,600,Bar Counter
e2e-inv-addon-rice,e2e-var-addon-rice,10000,g,E2E-ARICE,800,Prep Station
e2e-inv-addon-egg,e2e-var-addon-egg,200,pcs,E2E-AEGG,700,Counter Freezer
e2e-inv-addon-cheese,e2e-var-addon-cheese,200,pcs,E2E-ACHZ,1200,Counter Freezer
e2e-inv-addon-bacon,e2e-var-addon-bacon,200,pcs,E2E-ABCN,2500,Counter Freezer
